                  epoch,         train/box_loss,         train/cls_loss,         train/dfl_loss,   metrics/precision(B),      metrics/recall(B),       metrics/mAP50(B),    metrics/mAP50-95(B),           val/box_loss,           val/cls_loss,           val/dfl_loss,                 lr/pg0,                 lr/pg1,                 lr/pg2
                      1,                 1.2061,                 3.0589,                 1.4434,                0.00633,                0.94118,                0.62437,                0.55365,                0.56093,                  2.725,                0.94645,             0.00020004,             0.00020004,             0.00020004
                      2,                0.70968,                 1.3491,                 1.0578,                      1,                0.10958,                0.87891,                0.73217,                0.61559,                 2.5778,                0.98313,             0.00041592,             0.00041592,             0.00041592
                      3,                 0.6671,                 1.0625,                 1.0112,                  0.999,                    0.5,                0.98531,                0.74267,                0.71838,                  1.945,                  1.037,             0.00063095,             0.00063095,             0.00063095
                      4,                0.67373,                0.91476,                 1.0275,                0.80797,                0.73529,                0.84319,                0.71467,                0.63556,                 1.3146,                 1.0331,             0.00084512,             0.00084512,             0.00084512
                      5,                0.69343,                0.93479,                 1.0291,                0.77351,                0.74498,                 0.9319,                0.70013,                 0.8014,                 1.7325,                 1.1334,              0.0010584,              0.0010584,              0.0010584
                      6,                0.67294,                0.85405,                 1.0115,                0.91528,                 0.6799,                0.98889,                0.81275,                0.69436,                 1.5546,                  1.086,              0.0012709,              0.0012709,              0.0012709
                      7,                 0.7082,                  0.865,                 1.0461,                0.73466,                0.88781,                0.92151,                0.76753,                0.77143,                 1.5321,                 1.1209,              0.0014825,              0.0014825,              0.0014825
                      8,                 0.6653,                0.79452,                 1.0081,                0.69911,                0.77943,                0.86098,                0.64872,                0.89481,                 1.6823,                 1.1553,              0.0016439,              0.0016439,              0.0016439
                      9,                0.72079,                0.80162,                  1.029,                0.72896,                0.69207,                0.90427,                0.65107,                0.84951,                 1.7302,                 1.0697,              0.0016406,              0.0016406,              0.0016406
                     10,                0.68433,                0.75413,                 1.0221,                0.87053,                0.67846,                0.98531,                0.85295,                0.64916,                 1.2115,                0.98888,              0.0016373,              0.0016373,              0.0016373
                     11,                0.65302,                0.74744,                 1.0172,                0.90997,                0.98106,                  0.995,                0.82896,                0.75625,                0.82064,                 1.0808,               0.001634,               0.001634,               0.001634
                     12,                0.64435,                0.67906,                 1.0009,                0.97574,                0.94732,                  0.995,                0.80112,                0.74017,                0.74526,                 1.1381,              0.0016307,              0.0016307,              0.0016307
                     13,                0.62792,                0.68188,                0.98804,                0.99529,                0.99335,                  0.995,                0.81633,                0.73367,                0.60528,                 1.0803,              0.0016274,              0.0016274,              0.0016274
                     14,                0.62681,                0.64506,                0.98372,                0.99328,                0.98599,                  0.995,                0.79726,                0.70454,                0.61857,                  1.063,              0.0016241,              0.0016241,              0.0016241
                     15,                0.61915,                0.61847,                0.98966,                0.92004,                      1,                0.98546,                0.82815,                0.65297,                0.60432,                 1.0269,              0.0016208,              0.0016208,              0.0016208
                     16,                0.59715,                0.59392,                0.96986,                0.96992,                0.95871,                0.99194,                0.83366,                0.64081,                0.54384,                0.96082,              0.0016175,              0.0016175,              0.0016175
                     17,                0.58722,                0.57668,                0.96564,                0.98663,                      1,                  0.995,                0.88117,                0.56808,                0.49786,                0.92435,              0.0016142,              0.0016142,              0.0016142
                     18,                0.59229,                0.56408,                0.97433,                0.96263,                      1,                0.99361,                0.86385,                0.58481,                0.56237,                0.93668,              0.0016109,              0.0016109,              0.0016109
                     19,                0.62077,                0.57105,                0.98773,                0.98415,                      1,                  0.995,                0.85457,                0.61538,                 0.4722,                0.94678,              0.0016076,              0.0016076,              0.0016076
                     20,                0.59287,                0.55482,                0.96915,                0.98712,                      1,                  0.995,                0.86346,                0.62508,                 0.4251,                 0.9752,              0.0016043,              0.0016043,              0.0016043
                     21,                 0.5921,                0.55229,                0.97973,                0.99214,                      1,                  0.995,                0.86381,                0.59472,                 0.3919,                0.95842,               0.001601,               0.001601,               0.001601
                     22,                 0.6242,                0.55598,                0.99181,                0.99782,                0.99083,                  0.995,                0.84891,                 0.6314,                0.45942,                0.96791,              0.0015977,              0.0015977,              0.0015977
                     23,                0.59052,                0.53697,                0.97409,                0.96138,                0.97059,                0.98931,                0.87904,                0.59526,                0.45626,                0.97807,              0.0015944,              0.0015944,              0.0015944
                     24,                0.58141,                0.51705,                 0.9743,                0.99164,                0.98932,                  0.995,                0.87001,                0.57432,                0.41951,                0.93618,              0.0015911,              0.0015911,              0.0015911
                     25,                0.55771,                    0.5,                0.95707,                0.96644,                0.98028,                0.99361,                0.86346,                  0.597,                0.45352,                0.93859,              0.0015878,              0.0015878,              0.0015878
                     26,                0.56495,                0.49718,                0.96708,                0.99687,                0.95249,                0.99361,                0.85436,                0.61644,                 0.4401,                0.96737,              0.0015845,              0.0015845,              0.0015845
                     27,                0.60214,                0.49525,                0.97719,                0.99693,                0.99276,                  0.995,                0.85906,                0.61241,                 0.4452,                 0.9858,              0.0015812,              0.0015812,              0.0015812
                     28,                0.58651,                 0.5101,                0.98217,                0.99068,                      1,                  0.995,                0.87377,                0.56471,                0.37113,                0.92702,              0.0015779,              0.0015779,              0.0015779
                     29,                0.56628,                0.50932,                0.96559,                0.98488,                0.99828,                  0.995,                0.85076,                  0.585,                0.37682,                0.92994,              0.0015746,              0.0015746,              0.0015746
                     30,                0.59588,                0.50676,                0.98435,                0.99138,                0.97059,                0.99237,                0.86226,                0.58178,                0.40622,                0.95468,              0.0015713,              0.0015713,              0.0015713
                     31,                0.58445,                0.48893,                0.96365,                0.99477,                0.97059,                0.99361,                 0.8769,                0.55213,                 0.3755,                0.92046,               0.001568,               0.001568,               0.001568
                     32,                0.57098,                0.48854,                0.96825,                0.99471,                      1,                  0.995,                0.86982,                0.58304,                0.35418,                0.91896,              0.0015647,              0.0015647,              0.0015647
                     33,                0.54964,                0.46525,                 0.9554,                0.99247,                      1,                  0.995,                0.85779,                0.60686,                0.34934,                0.96747,              0.0015614,              0.0015614,              0.0015614
                     34,                0.56571,                 0.4659,                0.95447,                 0.9963,                      1,                  0.995,                0.83988,                0.64606,                 0.3677,                 1.0226,              0.0015581,              0.0015581,              0.0015581
                     35,                0.56749,                0.45585,                0.97349,                0.99277,                      1,                  0.995,                0.84814,                0.62574,                 0.4273,                  1.007,              0.0015548,              0.0015548,              0.0015548
                     36,                0.56721,                0.45631,                0.96502,                0.98603,                      1,                  0.995,                0.86461,                0.58535,                0.40769,                0.96626,              0.0015515,              0.0015515,              0.0015515
                     37,                0.56568,                0.45034,                0.97094,                0.99065,                0.99676,                  0.995,                0.87493,                0.57931,                0.41196,                0.91398,              0.0015482,              0.0015482,              0.0015482
                     38,                0.54256,                0.44866,                0.95118,                0.99121,                      1,                  0.995,                0.88029,                0.52754,                0.33122,                0.91221,              0.0015449,              0.0015449,              0.0015449
                     39,                0.53179,                0.42455,                0.94521,                0.99275,                      1,                  0.995,                0.86106,                 0.5891,                0.37128,                 0.9629,              0.0015416,              0.0015416,              0.0015416
                     40,                0.54476,                0.41941,                0.94841,                0.98797,                      1,                  0.995,                0.87716,                0.57527,                0.34213,                0.94718,              0.0015383,              0.0015383,              0.0015383
                     41,                0.53132,                0.42119,                0.93341,                0.99318,                      1,                  0.995,                0.87431,                0.54415,                0.33086,                0.91029,               0.001535,               0.001535,               0.001535
                     42,                0.53187,                0.41552,                0.93797,                0.98466,                0.99859,                  0.995,                0.83013,                0.62114,                0.35295,                0.97627,              0.0015317,              0.0015317,              0.0015317
                     43,                0.54997,                0.41153,                0.95521,                 0.9946,                      1,                  0.995,                0.84606,                 0.6324,                0.34136,                0.96684,              0.0015284,              0.0015284,              0.0015284
                     44,                0.55891,                 0.4312,                0.95762,                0.99245,                      1,                  0.995,                0.88221,                0.58897,                0.35133,                0.94439,              0.0015251,              0.0015251,              0.0015251
                     45,                0.55115,                0.42129,                0.95188,                0.98882,                 0.9991,                  0.995,                 0.8624,                0.53977,                0.32476,                0.92048,              0.0015218,              0.0015218,              0.0015218
                     46,                0.53129,                0.40276,                0.93542,                0.99425,                      1,                  0.995,                0.87596,                0.55647,                0.33331,                0.94582,              0.0015185,              0.0015185,              0.0015185
                     47,                0.53213,                0.42047,                0.94713,                0.98879,                      1,                  0.995,                0.86558,                 0.5137,                0.34223,                0.91949,              0.0015152,              0.0015152,              0.0015152
                     48,                0.51573,                0.39538,                0.94345,                0.98829,                0.99825,                  0.995,                0.88127,                0.55048,                0.31054,                0.91322,              0.0015119,              0.0015119,              0.0015119
                     49,                0.50531,                0.38189,                0.92872,                0.99298,                      1,                  0.995,                0.88521,                0.54089,                0.30702,                0.91935,              0.0015086,              0.0015086,              0.0015086
                     50,                0.51713,                0.40748,                0.94649,                0.99653,                      1,                  0.995,                0.87316,                 0.5719,                0.31907,                0.93513,              0.0015053,              0.0015053,              0.0015053
                     51,                0.51313,                0.38211,                0.93665,                0.99473,                      1,                  0.995,                0.88744,                0.56688,                0.30417,                0.94274,               0.001502,               0.001502,               0.001502
                     52,                0.51148,                0.39543,                 0.9498,                0.98821,                0.99741,                  0.995,                0.86584,                0.57906,                0.32463,                0.96854,              0.0014987,              0.0014987,              0.0014987
                     53,                0.50474,                0.37567,                0.93436,                0.99037,                0.99562,                  0.995,                0.86437,                0.53559,                0.29619,                0.91938,              0.0014954,              0.0014954,              0.0014954
                     54,                0.49782,                0.37454,                0.92175,                0.98773,                      1,                  0.995,                0.87608,                0.56942,                0.30275,                0.95999,              0.0014921,              0.0014921,              0.0014921
                     55,                0.50071,                0.36717,                0.92587,                0.99316,                      1,                  0.995,                0.88351,                0.53338,                0.28133,                0.92376,              0.0014888,              0.0014888,              0.0014888
                     56,                0.48435,                0.36687,                0.92846,                0.99036,                      1,                  0.995,                0.88509,                0.55608,                0.30629,                0.94818,              0.0014855,              0.0014855,              0.0014855
                     57,                0.49281,                0.38278,                0.93358,                0.99306,                      1,                  0.995,                0.85541,                0.58213,                0.30371,                0.94826,              0.0014822,              0.0014822,              0.0014822
                     58,                0.48387,                0.35665,                0.92416,                0.99148,                      1,                  0.995,                0.87948,                0.57509,                0.35046,                0.94673,              0.0014789,              0.0014789,              0.0014789
                     59,                0.51179,                0.39101,                0.94071,                0.99567,                      1,                  0.995,                 0.8612,                0.57226,                0.32589,                0.93813,              0.0014756,              0.0014756,              0.0014756
                     60,                0.48332,                0.36511,                0.93005,                0.98098,                      1,                  0.995,                0.86971,                  0.572,                0.31645,                0.95636,              0.0014723,              0.0014723,              0.0014723
                     61,                0.50111,                0.38141,                0.93317,                0.99848,                0.95883,                  0.995,                0.85081,                0.60814,                0.36153,                0.96193,               0.001469,               0.001469,               0.001469
                     62,                0.48723,                0.35897,                0.93007,                0.97829,                0.99904,                  0.995,                0.87763,                 0.5932,                0.33273,                0.95965,              0.0014657,              0.0014657,              0.0014657
                     63,                0.48817,                0.36613,                0.91642,                0.99091,                      1,                  0.995,                0.87305,                0.62825,                0.32309,                0.99451,              0.0014624,              0.0014624,              0.0014624
                     64,                0.49675,                0.36959,                0.94033,                0.97906,                      1,                  0.995,                0.85855,                 0.5989,                 0.3615,                0.96986,              0.0014591,              0.0014591,              0.0014591
                     65,                0.52165,                0.38482,                0.93391,                0.99579,                      1,                  0.995,                0.87489,                0.56031,                0.31532,                0.92616,              0.0014558,              0.0014558,              0.0014558
                     66,                0.49765,                0.36571,                0.93927,                0.99597,                      1,                  0.995,                0.86613,                0.57141,                0.33609,                0.93749,              0.0014525,              0.0014525,              0.0014525
                     67,                0.47501,                0.35371,                0.93162,                0.99417,                0.97059,                0.99361,                0.86436,                0.56895,                0.32608,                0.94007,              0.0014492,              0.0014492,              0.0014492
                     68,                0.50009,                 0.3675,                0.93881,                0.98079,                0.99162,                  0.995,                0.86428,                0.58201,                0.32571,                0.95813,              0.0014459,              0.0014459,              0.0014459
                     69,                0.52947,                0.37913,                0.94611,                0.98852,                0.99861,                  0.995,                0.87079,                0.58244,                0.33176,                0.94964,              0.0014426,              0.0014426,              0.0014426
                     70,                0.47913,                 0.3419,                0.92311,                0.98805,                      1,                  0.995,                0.88651,                0.53639,                0.33952,                0.90432,              0.0014393,              0.0014393,              0.0014393
                     71,                0.51731,                0.36556,                0.94022,                0.99113,                      1,                  0.995,                0.88505,                0.54932,                0.30406,                0.90258,               0.001436,               0.001436,               0.001436
                     72,                0.48509,                0.34553,                0.93825,                0.98762,                      1,                  0.995,                0.90088,                0.50792,                0.31798,                0.89278,              0.0014327,              0.0014327,              0.0014327
                     73,                0.47032,                0.34705,                0.93068,                0.99198,                0.99652,                  0.995,                0.87557,                0.56091,                0.29326,                0.92675,              0.0014294,              0.0014294,              0.0014294
                     74,                0.48379,                0.35393,                0.93075,                0.98689,                0.99084,                  0.995,                0.89058,                 0.5469,                0.32705,                0.92226,              0.0014261,              0.0014261,              0.0014261
                     75,                0.48671,                0.34632,                 0.9211,                0.99527,                      1,                  0.995,                0.89095,                0.53687,                0.28117,                0.90554,              0.0014228,              0.0014228,              0.0014228
                     76,                0.47154,                0.34119,                0.93562,                0.99547,                      1,                  0.995,                0.88503,                0.55755,                0.29993,                0.95392,              0.0014195,              0.0014195,              0.0014195
                     77,                0.48519,                0.34075,                0.92598,                0.99067,                0.99765,                  0.995,                0.89105,                0.55524,                0.32581,                0.94235,              0.0014161,              0.0014161,              0.0014161
                     78,                0.48627,                0.35756,                0.93174,                0.98436,                      1,                  0.995,                0.85804,                0.58717,                0.33089,                0.96102,              0.0014128,              0.0014128,              0.0014128
                     79,                0.47222,                0.35044,                0.92688,                0.98868,                      1,                  0.995,                  0.865,                0.58249,                0.32105,                0.96627,              0.0014095,              0.0014095,              0.0014095
                     80,                0.48645,                0.34943,                0.93848,                0.99272,                      1,                  0.995,                 0.8641,                0.58577,                0.30516,                0.95007,              0.0014062,              0.0014062,              0.0014062
                     81,                0.48784,                0.34906,                0.92635,                 0.9917,                0.99989,                  0.995,                0.87205,                0.53996,                0.29325,                0.90527,              0.0014029,              0.0014029,              0.0014029
                     82,                 0.4781,                0.34472,                0.92802,                0.99066,                0.99877,                  0.995,                0.88216,                0.52756,                0.28935,                 0.9128,              0.0013996,              0.0013996,              0.0013996
                     83,                0.46091,                0.32828,                0.92181,                0.99181,                 0.9994,                  0.995,                0.89939,                0.56275,                0.27888,                0.92586,              0.0013963,              0.0013963,              0.0013963
                     84,                0.49516,                0.35604,                0.92688,                0.99189,                      1,                  0.995,                0.88518,                0.53008,                0.30443,                0.90711,               0.001393,               0.001393,               0.001393
                     85,                0.49073,                0.35963,                0.94413,                0.99282,                      1,                  0.995,                0.85778,                0.54446,                0.29088,                0.94691,              0.0013897,              0.0013897,              0.0013897
                     86,                0.48231,                0.34654,                0.91943,                0.99568,                      1,                  0.995,                0.85529,                0.61615,                0.32274,                0.96496,              0.0013864,              0.0013864,              0.0013864
                     87,                0.46966,                0.33827,                0.92628,                0.99479,                      1,                  0.995,                 0.8732,                0.56299,                0.28836,                0.95236,              0.0013831,              0.0013831,              0.0013831
                     88,                0.45064,                0.32323,                0.91315,                0.99116,                      1,                  0.995,                0.88361,                0.54886,                0.29749,                0.92402,              0.0013798,              0.0013798,              0.0013798
                     89,                0.45915,                0.33713,                0.91349,                 0.9946,                      1,                  0.995,                0.88433,                 0.5162,                 0.2791,                   0.89,              0.0013765,              0.0013765,              0.0013765
                     90,                0.47893,                0.35259,                0.92282,                0.99331,                      1,                  0.995,                0.86818,                0.56338,                0.30758,                0.91133,              0.0013732,              0.0013732,              0.0013732
                     91,                0.46466,                0.33415,                0.92581,                 0.9912,                      1,                  0.995,                0.86522,                0.59701,                0.28483,                0.93198,              0.0013699,              0.0013699,              0.0013699
                     92,                0.44761,                0.32126,                0.90519,                0.99574,                      1,                  0.995,                 0.8875,                0.53004,                0.28092,                 0.9055,              0.0013666,              0.0013666,              0.0013666
                     93,                 0.4681,                0.32564,                0.91973,                0.99681,                      1,                  0.995,                0.87712,                0.51324,                0.26976,                0.90041,              0.0013633,              0.0013633,              0.0013633
                     94,                0.46309,                0.33724,                0.91259,                0.99192,                      1,                  0.995,                0.88433,                0.54708,                  0.277,                0.91568,                0.00136,                0.00136,                0.00136
                     95,                0.44808,                0.31259,                 0.9179,                0.99538,                      1,                  0.995,                 0.8825,                0.47583,                0.25945,                0.89064,              0.0013567,              0.0013567,              0.0013567
                     96,                0.45372,                0.33102,                0.92495,                0.99284,                      1,                  0.995,                0.88424,                0.51686,                 0.2636,                0.90998,              0.0013534,              0.0013534,              0.0013534
                     97,                0.45473,                0.32703,                0.91562,                0.99577,                      1,                  0.995,                0.86831,                0.55269,                0.27723,                0.94253,              0.0013501,              0.0013501,              0.0013501
                     98,                0.47463,                0.33971,                0.92696,                0.99685,                      1,                  0.995,                0.88596,                0.56464,                0.28073,                0.97862,              0.0013468,              0.0013468,              0.0013468
                     99,                 0.4504,                0.32347,                0.93043,                 0.9939,                      1,                  0.995,                  0.888,                0.56126,                0.27463,                0.98093,              0.0013435,              0.0013435,              0.0013435
                    100,                0.45075,                0.33006,                0.93399,                0.99682,                      1,                  0.995,                0.87145,                0.61451,                0.28863,                 1.0254,              0.0013402,              0.0013402,              0.0013402
                    101,                0.42824,                0.31278,                0.90655,                0.99292,                0.99976,                  0.995,                0.84297,                0.61001,                0.28348,                 1.0131,              0.0013369,              0.0013369,              0.0013369
                    102,                0.44887,                0.31431,                  0.915,                0.99522,                      1,                  0.995,                0.85003,                0.60678,                0.29804,                 1.0126,              0.0013336,              0.0013336,              0.0013336
                    103,                0.43807,                0.30927,                0.89228,                 0.9959,                      1,                  0.995,                0.84435,                0.61333,                0.31719,                 1.0057,              0.0013303,              0.0013303,              0.0013303
                    104,                0.45667,                0.31927,                 0.9197,                0.99338,                      1,                  0.995,                0.85005,                0.60848,                0.28148,                  1.033,               0.001327,               0.001327,               0.001327
                    105,                0.45359,                0.31561,                0.91729,                0.98795,                      1,                  0.995,                0.86503,                0.60615,                 0.3021,                 1.0267,              0.0013237,              0.0013237,              0.0013237
                    106,                0.43338,                0.31025,                0.90785,                0.99576,                      1,                  0.995,                0.87193,                0.57129,                0.27654,                0.96757,              0.0013204,              0.0013204,              0.0013204
                    107,                0.44642,                0.31291,                0.91384,                0.99211,                      1,                  0.995,                 0.8479,                 0.6248,                0.30875,                0.99232,              0.0013171,              0.0013171,              0.0013171
                    108,                0.44076,                0.31681,                0.90685,                0.99545,                      1,                  0.995,                0.88012,                0.53463,                0.27265,                0.90585,              0.0013138,              0.0013138,              0.0013138
                    109,                0.43341,                0.32394,                 0.9158,                0.99298,                      1,                  0.995,                0.86158,                0.57987,                0.28128,                0.92807,              0.0013105,              0.0013105,              0.0013105
                    110,                0.43074,                0.32817,                0.90794,                0.99567,                      1,                  0.995,                0.88087,                0.52719,                0.27723,                0.90864,              0.0013072,              0.0013072,              0.0013072
                    111,                0.44837,                0.31619,                 0.9237,                0.99709,                      1,                  0.995,                0.89559,                0.50471,                0.26841,                0.89734,              0.0013039,              0.0013039,              0.0013039
                    112,                0.43694,                0.31307,                 0.9081,                 0.9968,                      1,                  0.995,                0.89805,                 0.5073,                0.29682,                 0.8838,              0.0013006,              0.0013006,              0.0013006
                    113,                0.43281,                0.31949,                0.91738,                0.99668,                      1,                  0.995,                0.85897,                0.55664,                0.29047,                0.93054,              0.0012973,              0.0012973,              0.0012973
                    114,                0.45583,                0.31969,                0.93154,                0.99561,                      1,                  0.995,                0.88713,                0.58954,                0.29889,                0.94316,               0.001294,               0.001294,               0.001294
                    115,                0.44326,                0.31047,                0.90314,                 0.9957,                      1,                  0.995,                0.86048,                0.58625,                0.26981,                0.97146,              0.0012907,              0.0012907,              0.0012907
                    116,                0.42756,                0.31375,                0.91209,                0.99039,                      1,                  0.995,                0.86202,                0.58439,                 0.2817,                0.97654,              0.0012874,              0.0012874,              0.0012874
                    117,                0.42604,                0.30366,                0.91034,                0.99632,                      1,                  0.995,                0.87309,                0.59186,                0.30114,                0.95037,              0.0012841,              0.0012841,              0.0012841
                    118,                0.44493,                0.30361,                0.90977,                0.99603,                      1,                  0.995,                0.87997,                0.57488,                0.27605,                0.94358,              0.0012808,              0.0012808,              0.0012808
                    119,                0.46206,                0.32448,                0.92415,                0.99387,                      1,                  0.995,                0.88158,                0.55204,                 0.3008,                0.91803,              0.0012775,              0.0012775,              0.0012775
                    120,                0.42852,                0.30733,                0.90082,                0.98665,                0.99789,                  0.995,                 0.8645,                0.56045,                0.29269,                0.92645,              0.0012742,              0.0012742,              0.0012742
                    121,                0.43227,                0.29865,                0.91862,                0.98956,                      1,                  0.995,                0.88022,                0.54433,                0.28724,                0.93308,              0.0012709,              0.0012709,              0.0012709
                    122,                0.43119,                 0.3068,                0.91288,                0.98544,                 0.9771,                  0.995,                0.87418,                0.56575,                0.28929,                0.92261,              0.0012676,              0.0012676,              0.0012676
                    123,                0.42974,                0.30924,                0.92062,                0.96527,                0.99498,                  0.995,                0.90696,                0.50542,                0.26951,                 0.8868,              0.0012643,              0.0012643,              0.0012643
                    124,                0.41844,                0.30159,                0.90774,                0.99692,                0.97293,                  0.995,                0.87192,                0.57905,                0.30162,                0.94599,               0.001261,               0.001261,               0.001261
                    125,                0.43636,                0.31074,                 0.9133,                0.99623,                      1,                  0.995,                0.87225,                0.57172,                0.28952,                 0.9383,              0.0012577,              0.0012577,              0.0012577
                    126,                0.44227,                0.31132,                0.91768,                0.99528,                      1,                  0.995,                0.87155,                0.59193,                0.28599,                0.96607,              0.0012544,              0.0012544,              0.0012544
                    127,                0.43387,                0.29918,                0.90681,                0.99766,                0.98952,                  0.995,                0.88205,                0.56441,                0.28635,                0.96523,              0.0012511,              0.0012511,              0.0012511
                    128,                 0.4217,                0.30226,                0.91015,                0.98859,                      1,                  0.995,                0.86494,                0.57579,                0.27463,                0.96004,              0.0012478,              0.0012478,              0.0012478
                    129,                0.43081,                0.29907,                 0.9025,                0.99525,                      1,                  0.995,                0.89089,                0.54431,                 0.2665,                0.93194,              0.0012445,              0.0012445,              0.0012445
                    130,                0.42961,                0.29319,                0.91559,                0.99574,                      1,                  0.995,                0.87316,                0.58082,                0.27637,                0.97475,              0.0012412,              0.0012412,              0.0012412
                    131,                0.43104,                0.29712,                  0.902,                0.99529,                      1,                  0.995,                0.87728,                0.59301,                0.28713,                0.96193,              0.0012379,              0.0012379,              0.0012379
                    132,                0.42466,                0.29713,                0.90634,                0.99483,                      1,                  0.995,                0.89405,                0.51877,                0.28351,                0.89056,              0.0012346,              0.0012346,              0.0012346
                    133,                0.40682,                0.28387,                0.89889,                0.99082,                      1,                  0.995,                0.90153,                0.53671,                0.28601,                0.89857,              0.0012313,              0.0012313,              0.0012313
                    134,                0.42002,                0.30812,                 0.8979,                0.99181,                      1,                  0.995,                0.88094,                0.54126,                0.26945,                0.90757,               0.001228,               0.001228,               0.001228
                    135,                 0.4151,                0.30324,                0.90251,                0.96643,                0.99808,                0.99028,                0.88357,                0.55742,                0.29765,                0.94167,              0.0012247,              0.0012247,              0.0012247
                    136,                 0.4129,                0.30079,                0.89893,                0.99422,                      1,                  0.995,                0.89622,                0.55573,                0.26826,                0.93356,              0.0012214,              0.0012214,              0.0012214
                    137,                0.40113,                0.29644,                0.90484,                0.99477,                      1,                  0.995,                0.89075,                0.53247,                 0.2644,                 0.9244,              0.0012181,              0.0012181,              0.0012181
                    138,                 0.4318,                0.30245,                0.91973,                0.99475,                      1,                  0.995,                0.89422,                0.53819,                0.25685,                  0.913,              0.0012148,              0.0012148,              0.0012148
                    139,                0.41836,                0.30007,                0.91522,                0.99428,                      1,                  0.995,                0.88786,                 0.5309,                0.26129,                0.90701,              0.0012115,              0.0012115,              0.0012115
                    140,                0.41906,                0.29988,                0.90136,                 0.9953,                      1,                  0.995,                0.89567,                0.51104,                0.25512,                0.91788,              0.0012082,              0.0012082,              0.0012082
                    141,                 0.4081,                0.29569,                0.90139,                0.99627,                      1,                  0.995,                0.88245,                0.54074,                0.27481,                0.92273,              0.0012049,              0.0012049,              0.0012049
                    142,                0.41749,                0.30439,                0.91553,                 0.9954,                      1,                  0.995,                0.88455,                0.53322,                0.26641,                0.92864,              0.0012016,              0.0012016,              0.0012016
                    143,                0.43182,                0.29755,                0.90909,                0.99473,                      1,                  0.995,                0.89086,                0.53505,                 0.2665,                0.92601,              0.0011983,              0.0011983,              0.0011983
                    144,                0.42493,                0.30672,                0.90766,                0.99296,                0.99937,                  0.995,                0.87579,                0.56603,                0.27523,                0.96198,               0.001195,               0.001195,               0.001195
                    145,                0.40702,                0.28342,                0.89417,                0.99311,                      1,                  0.995,                0.88204,                0.52524,                0.27246,                0.89993,              0.0011917,              0.0011917,              0.0011917
                    146,                0.41221,                0.29333,                0.91234,                0.99135,                0.99809,                  0.995,                0.88581,                0.51735,                 0.2566,                0.90038,              0.0011884,              0.0011884,              0.0011884
                    147,                0.42511,                0.30074,                0.90433,                0.99165,                0.99904,                  0.995,                0.86756,                0.60883,                0.27054,                0.96224,              0.0011851,              0.0011851,              0.0011851
                    148,                0.41832,                0.28693,                0.88904,                0.99712,                      1,                  0.995,                0.86807,                 0.5764,                0.26815,                 0.9566,              0.0011818,              0.0011818,              0.0011818
                    149,                 0.4096,                0.28893,                0.90851,                0.99676,                      1,                  0.995,                0.86728,                0.59504,                0.26548,                0.98949,              0.0011785,              0.0011785,              0.0011785
                    150,                0.40908,                0.28177,                0.90046,                0.99629,                      1,                  0.995,                0.86735,                0.58035,                0.26848,                0.98272,              0.0011752,              0.0011752,              0.0011752
                    151,                0.41833,                0.27755,                 0.9052,                0.99488,                      1,                  0.995,                0.87557,                0.57319,                0.25361,                0.97392,              0.0011719,              0.0011719,              0.0011719
                    152,                0.41251,                0.28209,                0.89768,                0.99534,                      1,                  0.995,                0.86443,                0.58389,                0.24669,                0.98675,              0.0011686,              0.0011686,              0.0011686
                    153,                0.40802,                0.29094,                 0.8993,                0.99599,                      1,                  0.995,                0.86859,                0.58736,                0.25953,                0.97116,              0.0011653,              0.0011653,              0.0011653
                    154,                0.37906,                0.26028,                0.88856,                0.99493,                      1,                  0.995,                0.86213,                0.61583,                 0.2607,                0.98126,               0.001162,               0.001162,               0.001162
                    155,                0.39986,                0.27547,                0.89881,                0.99402,                      1,                  0.995,                0.86255,                0.59557,                0.26137,                0.97659,              0.0011587,              0.0011587,              0.0011587
                    156,                 0.3958,                0.27375,                0.88928,                0.99644,                      1,                  0.995,                0.87304,                0.59243,                0.26822,                 0.9692,              0.0011554,              0.0011554,              0.0011554
                    157,                0.40902,                0.29035,                0.91388,                0.99625,                      1,                  0.995,                0.86586,                0.60081,                0.26272,                0.97754,              0.0011521,              0.0011521,              0.0011521
                    158,                0.39379,                0.27632,                0.89649,                0.99458,                      1,                  0.995,                0.87389,                0.59731,                0.26486,                0.96174,              0.0011488,              0.0011488,              0.0011488
                    159,                0.38164,                0.27768,                0.88976,                0.98563,                0.99813,                  0.995,                0.88014,                0.60846,                0.27472,                0.96974,              0.0011455,              0.0011455,              0.0011455
                    160,                0.39615,                0.28475,                0.90255,                0.98311,                0.99796,                  0.995,                0.88198,                0.55963,                0.27294,                0.95249,              0.0011422,              0.0011422,              0.0011422
                    161,                0.40413,                0.28659,                0.90893,                 0.9946,                      1,                  0.995,                 0.8711,                0.60147,                0.27882,                0.96104,              0.0011389,              0.0011389,              0.0011389
                    162,                0.39034,                0.28524,                0.89766,                0.99698,                      1,                  0.995,                0.88375,                0.56059,                0.27418,                0.93612,              0.0011356,              0.0011356,              0.0011356
                    163,                0.40324,                 0.2776,                0.89667,                0.99689,                      1,                  0.995,                0.87026,                0.56947,                0.27782,                0.95541,              0.0011323,              0.0011323,              0.0011323
                    164,                0.38539,                 0.2844,                0.88271,                0.99566,                      1,                  0.995,                0.91719,                0.49668,                0.23887,                 0.9104,               0.001129,               0.001129,               0.001129
                    165,                0.39696,                0.28493,                  0.898,                0.99403,                0.99948,                  0.995,                0.90141,                0.53091,                0.25786,                0.91847,              0.0011257,              0.0011257,              0.0011257
                    166,                0.37629,                0.26707,                0.89045,                 0.9969,                      1,                  0.995,                0.88174,                0.54708,                0.26367,                0.89744,              0.0011224,              0.0011224,              0.0011224
                    167,                0.40213,                0.28175,                0.90599,                0.99128,                      1,                  0.995,                0.88456,                0.53278,                0.24837,                0.89333,              0.0011191,              0.0011191,              0.0011191
                    168,                0.39684,                0.27293,                0.91305,                0.99274,                      1,                  0.995,                0.87802,                0.54918,                0.25054,                0.92447,              0.0011158,              0.0011158,              0.0011158
                    169,                0.38696,                0.27176,                0.88157,                0.99323,                 0.9984,                  0.995,                0.87659,                0.55673,                0.25873,                0.93572,              0.0011125,              0.0011125,              0.0011125
                    170,                0.39662,                0.28234,                0.89451,                0.99594,                      1,                  0.995,                0.88315,                0.55522,                0.26928,                0.93627,              0.0011092,              0.0011092,              0.0011092
                    171,                0.37451,                0.27132,                 0.8905,                0.98734,                      1,                  0.995,                0.89121,                0.54987,                0.25742,                0.91061,              0.0011059,              0.0011059,              0.0011059
                    172,                0.39539,                0.28238,                0.89071,                0.99238,                      1,                  0.995,                0.88149,                0.58401,                0.27099,                0.95288,              0.0011026,              0.0011026,              0.0011026
                    173,                0.37996,                0.27564,                0.89781,                0.99463,                0.97059,                0.99361,                 0.8826,                0.59558,                0.29689,                 0.9555,              0.0010993,              0.0010993,              0.0010993
                    174,                  0.376,                0.27851,                0.89989,                0.99478,                0.97059,                0.99361,                0.87512,                0.55781,                0.28483,                0.94489,               0.001096,               0.001096,               0.001096
                    175,                 0.3961,                0.27816,                0.89269,                0.98771,                0.99817,                  0.995,                0.90641,                0.53886,                0.26263,                0.93173,              0.0010927,              0.0010927,              0.0010927
                    176,                0.39511,                0.27555,                0.88975,                0.99684,                      1,                  0.995,                0.88835,                0.52867,                0.26427,                 0.9124,              0.0010894,              0.0010894,              0.0010894
                    177,                0.40443,                0.27789,                0.89381,                0.99662,                      1,                  0.995,                0.88458,                0.54752,                0.25935,                  0.926,              0.0010861,              0.0010861,              0.0010861
                    178,                0.38767,                0.27504,                0.88637,                0.99647,                      1,                  0.995,                0.90196,                0.53476,                0.26275,                0.91835,              0.0010828,              0.0010828,              0.0010828
                    179,                0.40155,                0.28191,                0.89089,                0.99531,                      1,                  0.995,                0.87855,                0.57987,                0.27447,                0.94266,              0.0010795,              0.0010795,              0.0010795
                    180,                0.38869,                0.26642,                0.87853,                0.99542,                      1,                  0.995,                0.89523,                0.51927,                0.25128,                0.90258,              0.0010762,              0.0010762,              0.0010762
                    181,                0.39091,                0.27272,                0.88936,                0.99618,                      1,                  0.995,                 0.8846,                0.51984,                0.25621,                0.89509,              0.0010729,              0.0010729,              0.0010729
                    182,                0.36592,                0.26314,                0.88508,                0.99605,                      1,                  0.995,                0.89499,                0.49176,                0.24489,                0.88136,              0.0010696,              0.0010696,              0.0010696
                    183,                0.36766,                0.26188,                0.88036,                0.98451,                0.99835,                  0.995,                0.87032,                0.53896,                0.26853,                0.93259,              0.0010663,              0.0010663,              0.0010663
                    184,                0.39456,                0.27486,                0.90238,                0.99005,                      1,                  0.995,                0.86467,                0.53581,                0.26649,                0.93707,               0.001063,               0.001063,               0.001063
                    185,                0.38182,                0.27418,                0.89817,                0.99672,                      1,                  0.995,                0.86569,                0.55809,                0.27426,                0.94733,              0.0010597,              0.0010597,              0.0010597
                    186,                0.38501,                0.26841,                0.89107,                0.99353,                      1,                  0.995,                0.86875,                0.56547,                0.27308,                0.97641,              0.0010564,              0.0010564,              0.0010564
                    187,                0.37155,                 0.2592,                0.89246,                0.99627,                      1,                  0.995,                0.86295,                 0.6086,                0.26814,                 1.0096,              0.0010531,              0.0010531,              0.0010531
                    188,                0.36975,                0.25757,                0.88859,                0.99452,                      1,                  0.995,                 0.8575,                0.57625,                0.25912,                0.98471,              0.0010498,              0.0010498,              0.0010498
                    189,                0.36932,                 0.2552,                 0.8862,                0.99483,                      1,                  0.995,                0.87454,                0.59249,                0.25625,                 0.9834,              0.0010465,              0.0010465,              0.0010465
                    190,                0.37866,                0.26946,                0.88792,                0.99561,                      1,                  0.995,                0.86224,                0.61629,                0.26522,                 1.0177,              0.0010432,              0.0010432,              0.0010432
                    191,                0.37476,                0.26882,                0.88775,                0.99338,                      1,                  0.995,                0.86166,                0.58313,                0.27948,                0.96949,              0.0010399,              0.0010399,              0.0010399
                    192,                0.37617,                0.26112,                 0.9014,                0.99531,                      1,                  0.995,                0.86296,                0.57841,                0.26965,                 0.9551,              0.0010366,              0.0010366,              0.0010366
                    193,                0.36713,                0.26184,                0.87528,                0.99703,                      1,                  0.995,                0.88531,                0.54885,                0.26598,                0.90814,              0.0010333,              0.0010333,              0.0010333
                    194,                0.38072,                0.27159,                0.88906,                0.99639,                      1,                  0.995,                0.89797,                0.53216,                0.24117,                0.89641,                0.00103,                0.00103,                0.00103
                    195,                0.37038,                0.26401,                0.88438,                0.99613,                      1,                  0.995,                0.88748,                0.56479,                0.25669,                0.91833,              0.0010267,              0.0010267,              0.0010267
                    196,                0.37481,                0.27097,                0.88899,                0.99673,                      1,                  0.995,                0.89403,                0.56202,                0.26479,                0.94786,              0.0010234,              0.0010234,              0.0010234
                    197,                0.37333,                0.25948,                0.89472,                0.99794,                      1,                  0.995,                0.87503,                0.57264,                0.25335,                0.96426,              0.0010201,              0.0010201,              0.0010201
                    198,                 0.3645,                 0.2659,                0.89117,                0.99619,                      1,                  0.995,                0.86357,                0.57192,                0.24754,                0.96746,              0.0010168,              0.0010168,              0.0010168
                    199,                0.36861,                0.26499,                0.90081,                0.99268,                      1,                  0.995,                 0.8698,                0.54652,                0.23725,                0.95028,              0.0010135,              0.0010135,              0.0010135
                    200,                0.35884,                0.25152,                0.89123,                0.99045,                      1,                  0.995,                0.88282,                 0.5439,                0.24856,                0.92802,              0.0010102,              0.0010102,              0.0010102
                    201,                0.36425,                0.25189,                0.89492,                0.99314,                      1,                  0.995,                0.90149,                 0.5227,                0.24576,                 0.9032,              0.0010069,              0.0010069,              0.0010069
                    202,                0.37401,                0.26378,                0.88466,                0.99226,                      1,                  0.995,                0.88608,                0.53285,                0.23679,                0.91764,              0.0010036,              0.0010036,              0.0010036
                    203,                0.37151,                0.25565,                 0.8888,                0.99466,                      1,                  0.995,                0.88842,                0.52822,                0.24309,                0.91913,              0.0010003,              0.0010003,              0.0010003
                    204,                0.38438,                0.25968,                0.89689,                0.99566,                      1,                  0.995,                  0.892,                 0.5426,                0.24423,                0.92426,             0.00099697,             0.00099697,             0.00099697
                    205,                0.39036,                0.26691,                0.89792,                0.99465,                      1,                  0.995,                0.90022,                0.51911,                0.23804,                0.91658,             0.00099367,             0.00099367,             0.00099367
                    206,                0.35856,                0.25222,                0.88936,                0.99492,                      1,                  0.995,                0.88666,                0.54047,                0.25319,                0.93372,             0.00099036,             0.00099036,             0.00099036
                    207,                0.37693,                0.26131,                0.91219,                 0.9961,                      1,                  0.995,                0.89311,                0.50517,                0.23828,                0.92587,             0.00098706,             0.00098706,             0.00098706
                    208,                 0.3768,                0.26588,                0.89637,                0.99563,                      1,                  0.995,                0.86826,                0.57231,                0.24831,                0.96065,             0.00098376,             0.00098376,             0.00098376
                    209,                0.37333,                0.25629,                0.89203,                0.99602,                      1,                  0.995,                0.88575,                0.57566,                0.24793,                0.96742,             0.00098046,             0.00098046,             0.00098046
                    210,                 0.3823,                0.26796,                0.89667,                0.99596,                      1,                  0.995,                0.87803,                0.57397,                0.23602,                 0.9689,             0.00097716,             0.00097716,             0.00097716
                    211,                 0.3506,                0.25545,                0.87772,                0.99519,                      1,                  0.995,                0.89567,                0.53967,                 0.2426,                 0.9431,             0.00097386,             0.00097386,             0.00097386
                    212,                0.35507,                0.25775,                0.87458,                0.99485,                      1,                  0.995,                0.87445,                0.56895,                0.24902,                0.95675,             0.00097056,             0.00097056,             0.00097056
                    213,                0.35857,                0.24544,                 0.8827,                 0.9944,                      1,                  0.995,                 0.8768,                0.57083,                0.25792,                0.94961,             0.00096726,             0.00096726,             0.00096726
                    214,                0.34797,                0.25392,                0.87934,                0.99469,                      1,                  0.995,                0.89154,                0.54815,                0.24348,                0.93884,             0.00096396,             0.00096396,             0.00096396
                    215,                 0.3595,                0.25041,                0.89176,                0.99315,                      1,                  0.995,                0.88851,                0.53762,                0.24899,                0.92296,             0.00096066,             0.00096066,             0.00096066
                    216,                0.35771,                0.26432,                0.89229,                0.98825,                0.99413,                  0.995,                0.88401,                0.56102,                0.25271,                0.95544,             0.00095736,             0.00095736,             0.00095736
                    217,                0.38117,                0.26948,                0.89516,                 0.9929,                      1,                  0.995,                0.87982,                0.56386,                0.25456,                0.96908,             0.00095406,             0.00095406,             0.00095406
                    218,                0.35076,                0.25495,                0.88604,                0.99545,                      1,                  0.995,                0.87678,                0.54645,                0.24728,                 0.9538,             0.00095076,             0.00095076,             0.00095076
                    219,                0.36492,                0.25762,                0.87463,                0.99428,                      1,                  0.995,                0.88403,                 0.5328,                0.23509,                0.93931,             0.00094746,             0.00094746,             0.00094746
                    220,                0.33804,                0.24737,                0.87514,                0.99361,                      1,                  0.995,                0.88827,                 0.5309,                0.22446,                0.91952,             0.00094416,             0.00094416,             0.00094416
                    221,                0.36411,                0.25483,                0.89364,                0.99333,                      1,                  0.995,                0.90684,                0.50821,                0.23275,                0.87946,             0.00094085,             0.00094085,             0.00094085
                    222,                0.34309,                0.24711,                0.87375,                0.99472,                      1,                  0.995,                0.90181,                0.52384,                0.23186,                0.91718,             0.00093755,             0.00093755,             0.00093755
                    223,                0.34752,                0.24921,                0.86349,                0.99571,                      1,                  0.995,                0.88587,                0.54905,                0.24126,                0.93937,             0.00093425,             0.00093425,             0.00093425
                    224,                0.33312,                0.23663,                0.88094,                0.99572,                      1,                  0.995,                0.88733,                0.54322,                0.24327,                0.94701,             0.00093095,             0.00093095,             0.00093095
                    225,                0.34249,                 0.2462,                 0.8695,                 0.9956,                      1,                  0.995,                0.88769,                0.57008,                0.25855,                0.96648,             0.00092765,             0.00092765,             0.00092765
                    226,                0.35444,                0.24876,                0.88329,                0.99533,                      1,                  0.995,                 0.8761,                0.56064,                0.25663,                0.96582,             0.00092435,             0.00092435,             0.00092435
                    227,                0.36298,                0.25168,                0.88311,                0.99604,                      1,                  0.995,                0.87708,                0.55686,                0.25716,                0.96832,             0.00092105,             0.00092105,             0.00092105
                    228,                0.34167,                0.24073,                 0.8807,                0.99563,                      1,                  0.995,                0.88165,                0.52732,                0.25799,                0.94396,             0.00091775,             0.00091775,             0.00091775
                    229,                0.35249,                0.25059,                0.89064,                 0.9971,                      1,                  0.995,                0.88496,                0.52522,                0.23631,                0.93809,             0.00091445,             0.00091445,             0.00091445
                    230,                0.35944,                0.25338,                0.88786,                0.99581,                      1,                  0.995,                0.90794,                0.50788,                0.23638,                0.93059,             0.00091115,             0.00091115,             0.00091115
                    231,                0.35983,                0.25816,                0.88699,                0.99565,                      1,                  0.995,                0.89378,                0.50382,                0.23634,                0.92837,             0.00090785,             0.00090785,             0.00090785
                    232,                0.33843,                0.23894,                 0.8732,                 0.9956,                      1,                  0.995,                0.89763,                0.52428,                0.25121,                0.94985,             0.00090455,             0.00090455,             0.00090455
                    233,                0.36018,                0.25537,                0.87748,                0.99625,                      1,                  0.995,                 0.9051,                0.51986,                0.23409,                0.94628,             0.00090125,             0.00090125,             0.00090125
                    234,                0.33906,                0.24337,                0.86753,                0.99606,                      1,                  0.995,                0.89445,                0.52466,                0.23992,                0.94031,             0.00089795,             0.00089795,             0.00089795
                    235,                 0.3473,                0.24564,                0.88367,                0.99671,                      1,                  0.995,                0.89408,                0.52064,                0.23958,                0.93265,             0.00089465,             0.00089465,             0.00089465
                    236,                 0.3542,                0.24814,                 0.8843,                0.99531,                      1,                  0.995,                0.89611,                0.55052,                0.23978,                 0.9434,             0.00089134,             0.00089134,             0.00089134
                    237,                0.33767,                0.23319,                 0.8797,                0.99461,                      1,                  0.995,                0.88476,                0.52196,                0.23301,                0.93231,             0.00088804,             0.00088804,             0.00088804
                    238,                0.36318,                0.25781,                0.88925,                0.99684,                      1,                  0.995,                0.88165,                0.53682,                0.23634,                0.93016,             0.00088474,             0.00088474,             0.00088474
                    239,                0.34454,                0.24733,                0.89307,                0.99623,                      1,                  0.995,                0.88232,                0.53773,                0.24388,                0.93229,             0.00088144,             0.00088144,             0.00088144
                    240,                0.34344,                0.24084,                0.87738,                 0.9955,                      1,                  0.995,                0.88003,                0.56405,                0.24443,                0.94358,             0.00087814,             0.00087814,             0.00087814
                    241,                0.35082,                0.25168,                  0.883,                0.99655,                      1,                  0.995,                0.89488,                0.53433,                0.25215,                0.93743,             0.00087484,             0.00087484,             0.00087484
                    242,                0.34728,                0.24788,                0.88127,                0.99624,                      1,                  0.995,                0.88898,                0.53286,                0.23983,                0.93285,             0.00087154,             0.00087154,             0.00087154
                    243,                0.35287,                0.25223,                0.87613,                0.99587,                      1,                  0.995,                0.89479,                0.53356,                0.22994,                 0.9333,             0.00086824,             0.00086824,             0.00086824
                    244,                0.34427,                0.24596,                0.88601,                 0.9961,                      1,                  0.995,                0.88579,                0.54645,                0.23556,                0.94413,             0.00086494,             0.00086494,             0.00086494
                    245,                0.31993,                0.24025,                0.86943,                  0.996,                      1,                  0.995,                 0.8955,                0.55425,                0.22373,                0.95188,             0.00086164,             0.00086164,             0.00086164
                    246,                0.34323,                0.24246,                0.88198,                0.99632,                      1,                  0.995,                0.88671,                0.54742,                0.23697,                 0.9513,             0.00085834,             0.00085834,             0.00085834
                    247,                0.34155,                0.25046,                0.87593,                0.99625,                      1,                  0.995,                0.87617,                0.56597,                 0.2379,                0.96283,             0.00085504,             0.00085504,             0.00085504
                    248,                0.34985,                0.24312,                0.87684,                0.99547,                      1,                  0.995,                0.89323,                0.53604,                0.22212,                0.94474,             0.00085174,             0.00085174,             0.00085174
                    249,                0.34062,                0.23549,                0.87738,                0.99603,                      1,                  0.995,                0.89552,                0.53353,                0.21782,                0.93409,             0.00084844,             0.00084844,             0.00084844
                    250,                0.32365,                0.23103,                0.87045,                0.99588,                      1,                  0.995,                  0.902,                0.52705,                0.22331,                 0.9369,             0.00084514,             0.00084514,             0.00084514
                    251,                0.34049,                0.23254,                0.87606,                 0.9954,                      1,                  0.995,                 0.8963,                0.54387,                0.22968,                0.94667,             0.00084184,             0.00084184,             0.00084184
                    252,                0.34336,                0.25009,                0.87241,                0.99415,                      1,                  0.995,                0.89343,                0.53977,                0.23288,                0.93911,             0.00083853,             0.00083853,             0.00083853
                    253,                0.33907,                 0.2368,                0.86492,                0.99233,                      1,                  0.995,                0.89683,                0.52622,                0.22501,                0.93192,             0.00083523,             0.00083523,             0.00083523
                    254,                 0.3289,                0.23387,                0.87557,                0.99129,                      1,                  0.995,                 0.9025,                0.51005,                0.22266,                0.92509,             0.00083193,             0.00083193,             0.00083193
                    255,                0.33928,                0.24436,                0.87775,                0.99371,                      1,                  0.995,                0.89878,                0.51652,                0.21728,                0.92581,             0.00082863,             0.00082863,             0.00082863
                    256,                0.33687,                0.23438,                0.87914,                0.99571,                      1,                  0.995,                0.87636,                0.55333,                0.25148,                0.94898,             0.00082533,             0.00082533,             0.00082533
                    257,                0.32771,                 0.2338,                0.87222,                0.99619,                      1,                  0.995,                0.86959,                0.56241,                0.25212,                0.95186,             0.00082203,             0.00082203,             0.00082203
                    258,                0.32385,                0.22583,                0.87219,                0.99625,                      1,                  0.995,                0.88592,                0.56811,                0.25226,                0.96547,             0.00081873,             0.00081873,             0.00081873
                    259,                0.33549,                0.24052,                0.87581,                0.99589,                      1,                  0.995,                0.88748,                0.57223,                  0.248,                0.96204,             0.00081543,             0.00081543,             0.00081543
                    260,                0.33115,                0.23426,                0.86894,                0.99642,                      1,                  0.995,                0.88492,                0.54423,                0.24339,                0.94645,             0.00081213,             0.00081213,             0.00081213
                    261,                0.33438,                0.24282,                0.87741,                0.99629,                      1,                  0.995,                0.88922,                0.54439,                0.24118,                0.95677,             0.00080883,             0.00080883,             0.00080883
                    262,                 0.3179,                 0.2341,                0.86874,                0.99675,                      1,                  0.995,                0.90188,                0.53222,                0.23797,                  0.945,             0.00080553,             0.00080553,             0.00080553
                    263,                0.32298,                0.22936,                0.86473,                0.99657,                      1,                  0.995,                0.90598,                0.52821,                0.24725,                0.94409,             0.00080223,             0.00080223,             0.00080223
                    264,                0.33117,                 0.2386,                0.87915,                0.99584,                      1,                  0.995,                0.89003,                0.52319,                0.24284,                0.94198,             0.00079893,             0.00079893,             0.00079893
